{"data":[{"iso":"AF","A":"","P":"","F":"","C":"","M112":false},{"iso":"AX","A":"","P":"","F":"","C":"","M112":true},{"iso":"AL","A":"127","P":"129","F":"128","C":"","M112":true},{"iso":"DZ","A":"21606666","P":"17","F":"14","C":"","M112":false},{"iso":"AS","A":"","P":"","F":"","C":"911","M112":false},{"iso":"AD","A":"118","P":"110","F":"118","C":"","M112":false},{"iso":"AO","A":"118","P":"110","F":"118","C":"","M112":false},{"iso":"AI","A":"","P":"","F":"","C":"","M112":false},{"iso":"AQ","A":"","P":"","F":"","C":"","M112":false},{"iso":"AG","A":"","P":"","F":"","C":"999","M112":false},{"iso":"AR","A":"101","P":"101","F":"107","C":"","M112":false},{"iso":"AM","A":"103","P":"101","F":"102","C":"911","M112":true},{"iso":"AW","A":"","P":"","F":"","C":"911","M112":false},{"iso":"AU","A":"","P":"","F":"","C":"","M112":false},{"iso":"AT","A":"144","P":"133","F":"133","C":"","M112":true},{"iso":"AZ","A":"103","P":"102","F":"101","C":"","M112":true},{"iso":"BS","A":"","P":"","F":"","C":"911","M112":false},{"iso":"BH","A":"","P":"","F":"","C":"999","M112":false},{"iso":"BD","A":"199","P":"865513","F":"9555555","C":"999","M112":false},{"iso":"BB","A":"511","P":"211","F":"311","C":"","M112":false},{"iso":"BY","A":"103","P":"102","F":"101","C":"","M112":false},{"iso":"BE","A":"103","P":"102","F":"101","C":"","M112":true},{"iso":"BZ","A":"","P":"","F":"","C":"911","M112":false},{"iso":"BJ","A":"","P":"","F":"","C":"","M112":false},{"iso":"BM","A":"","P":"","F":"","C":"911","M112":false},{"iso":"BT","A":"110","P":"113","F":"112","C":"","M112":false},{"iso":"BO","A":"","P":"","F":"","C":"911","M112":false},{"iso":"BQ","A":"","P":"","F":"","C":"911","M112":false},{"iso":"BA","A":"124","P":"122","F":"123","C":"","M112":true},{"iso":"BW","A":"","P":"","F":"","C":"997","M112":false},{"iso":"BV","A":"","P":"","F":"","C":"","M112":false},{"iso":"BR","A":"192","P":"","F":"193","C":"","M112":true},{"iso":"IO","A":"","P":"","F":"","C":"","M112":false},{"iso":"BN","A":"991","P":"993","F":"995","C":"","M112":false},{"iso":"BG","A":"150","P":"166","F":"160","C":"","M112":true},{"iso":"BF","A":"","P":"","F":"","C":"","M112":false},{"iso":"BI","A":"","P":"","F":"","C":"","M112":false},{"iso":"CV","A":"130","P":"132","F":"131","C":"","M112":false},{"iso":"KH","A":"119","P":"117","F":"118","C":"","M112":false},{"iso":"CM","A":"","P":"","F":"","C":"","M112":false},{"iso":"CA","A":"","P":"","F":"","C":"911","M112":false},{"iso":"KY","A":"","P":"","F":"","C":"911","M112":false},{"iso":"CF","A":"","P":"","F":"","C":"","M112":false},{"iso":"TD","A":"","P":"17","F":"18","C":"","M112":false},{"iso":"CL","A":"131","P":"133","F":"132","C":"","M112":false},{"iso":"CN","A":"120","P":"110","F":"119","C":"","M112":false},{"iso":"CX","A":"","P":"","F":"","C":"","M112":false},{"iso":"CC","A":"","P":"","F":"","C":"","M112":false},{"iso":"CO","A":"125","P":"112","F":"119","C":"123","M112":false},{"iso":"KM","A":"","P":"","F":"","C":"","M112":false},{"iso":"CG","A":"","P":"","F":"","C":"","M112":false},{"iso":"CD","A":"","P":"","F":"","C":"","M112":false},{"iso":"CK","A":"998","P":"999","F":"996","C":"","M112":false},{"iso":"CR","A":"","P":"","F":"","C":"911","M112":true},{"iso":"CI","A":"","P":"110","F":"180","C":"","M112":false},{"iso":"HR","A":"194","P":"192","F":"193","C":"","M112":true},{"iso":"CU","A":"","P":"","F":"","C":"26811","M112":false},{"iso":"CW","A":"112","P":"444444","F":"114","C":"","M112":false},{"iso":"CY","A":"","P":"","F":"","C":"199","M112":true},{"iso":"CZ","A":"155","P":"158","F":"150","C":"","M112":true},{"iso":"DK","A":"","P":"114","F":"","C":"","M112":true},{"iso":"DJ","A":"351351","P":"17","F":"18","C":"","M112":false},{"iso":"DM","A":"","P":"","F":"","C":"999","M112":false},{"iso":"DO","A":"","P":"","F":"","C":"911","M112":true},{"iso":"EC","A":"131","P":"101","F":"","C":"","M112":false},{"iso":"EG","A":"123","P":"122","F":"180","C":"","M112":true},{"iso":"SV","A":"","P":"","F":"","C":"999","M112":false},{"iso":"GQ","A":"","P":"","F":"","C":"","M112":false},{"iso":"ER","A":"","P":"","F":"","C":"","M112":false},{"iso":"EE","A":"112","P":"110","F":"112","C":"","M112":true},{"iso":"ET","A":"92","P":"91","F":"93","C":"","M112":false},{"iso":"FK","A":"","P":"","F":"","C":"999","M112":false},{"iso":"FO","A":"","P":"","F":"","C":"","M112":true},{"iso":"FJ","A":"","P":"","F":"","C":"911","M112":false},{"iso":"FI","A":"","P":"","F":"","C":"","M112":true},{"iso":"FR","A":"15","P":"17","F":"18","C":"","M112":true},{"iso":"GF","A":"15","P":"17","F":"18","C":"112","M112":false},{"iso":"PF","A":"15","P":"17","F":"18","C":"","M112":false},{"iso":"TF","A":"No Permanent Population","P":"","F":"","C":"","M112":false},{"iso":"GA","A":"1300\u20101399","P":"1730","F":"18","C":"","M112":false},{"iso":"GM","A":"16","P":"17","F":"18","C":"","M112":false},{"iso":"GE","A":"","P":"","F":"","C":"","M112":true},{"iso":"DE","A":"","P":"110","F":"","C":"","M112":true},{"iso":"GH","A":"776111-5","P":"999","F":"192","C":"","M112":false},{"iso":"GI","A":"","P":"199","F":"190","C":"999","M112":true},{"iso":"GR","A":"166","P":"100","F":"199","C":"","M112":true},{"iso":"GL","A":"","P":"","F":"","C":"","M112":true},{"iso":"GD","A":"434","P":"911","F":"112","C":"","M112":false},{"iso":"GP","A":"18","P":"17","F":"18","C":"","M112":false},{"iso":"GU","A":"","P":"","F":"","C":"911","M112":false},{"iso":"GT","A":"123","P":"110","F":"123","C":"","M112":false},{"iso":"GG","A":"","P":"","F":"","C":"","M112":false},{"iso":"GN","A":"","P":"","F":"","C":"","M112":false},{"iso":"GW","A":"","P":"","F":"","C":"","M112":false},{"iso":"GY","A":"","P":"","F":"","C":"999","M112":false},{"iso":"HT","A":"118","P":"114","F":"","C":"","M112":false},{"iso":"HM","A":"","P":"","F":"","C":"","M112":false},{"iso":"VA","A":"118","P":"113","F":"115","C":"","M112":true},{"iso":"HN","A":"195","P":"119","F":"198","C":"","M112":false},{"iso":"HK","A":"","P":"","F":"","C":"999","M112":false},{"iso":"HU","A":"104","P":"107","F":"105","C":"","M112":true},{"iso":"IS","A":"","P":"","F":"","C":"","M112":true},{"iso":"IN","A":"102","P":"101","F":"101","C":"","M112":true},{"iso":"ID","A":"118","P":"110","F":"113","C":"","M112":false},{"iso":"IR","A":"115","P":"110","F":"123","C":"","M112":false},{"iso":"IQ","A":"","P":"","F":"","C":"","M112":false},{"iso":"IE","A":"","P":"","F":"","C":"999","M112":true},{"iso":"IM","A":"","P":"","F":"","C":"999","M112":false},{"iso":"IL","A":"101","P":"100","F":"102","C":"","M112":false},{"iso":"IT","A":"118","P":"113","F":"115","C":"","M112":true},{"iso":"JM","A":"110","P":"119","F":"110","C":"","M112":false},{"iso":"JP","A":"119","P":"110","F":"119","C":"","M112":false},{"iso":"JE","A":"","P":"","F":"","C":"999","M112":true},{"iso":"JO","A":"199","P":"191","F":"199","C":"911","M112":true},{"iso":"KZ","A":"103","P":"102","F":"101","C":"","M112":true},{"iso":"KE","A":"","P":"","F":"","C":"999","M112":false},{"iso":"KI","A":"994","P":"992","F":"993","C":"","M112":false},{"iso":"KP","A":"","P":"","F":"","C":"","M112":false},{"iso":"KR","A":"119","P":"112","F":"119","C":"","M112":false},{"iso":"KW","A":"777","P":"","F":"","C":"","M112":true},{"iso":"KG","A":"","P":"","F":"","C":"103","M112":false},{"iso":"LA","A":"","P":"","F":"","C":"","M112":false},{"iso":"LV","A":"113","P":"110","F":"","C":"","M112":true},{"iso":"LB","A":"113","P":"110","F":"","C":"","M112":false},{"iso":"LS","A":"121","P":"123","F":"122","C":"","M112":false},{"iso":"LR","A":"","P":"","F":"","C":"","M112":false},{"iso":"LY","A":"","P":"","F":"","C":"193","M112":false},{"iso":"LI","A":"144","P":"112","F":"118","C":"","M112":false},{"iso":"LT","A":"","P":"","F":"","C":"","M112":true},{"iso":"LU","A":"","P":"113","F":"","C":"","M112":true},{"iso":"MO","A":"","P":"","F":"","C":"999","M112":true},{"iso":"MK","A":"194","P":"192","F":"193","C":"","M112":true},{"iso":"MG","A":"","P":"","F":"","C":"","M112":false},{"iso":"MW","A":"998","P":"997","F":"999","C":"","M112":false},{"iso":"MY","A":"999","P":"999","F":"994","C":"","M112":false},{"iso":"MV","A":"102","P":"119","F":"999","C":"","M112":false},{"iso":"ML","A":"15","P":"18","F":"17","C":"","M112":false},{"iso":"MT","A":"","P":"","F":"","C":"","M112":true},{"iso":"MH","A":"625 4111","P":"625 8666","F":"","C":"","M112":false},{"iso":"MQ","A":"15","P":"17","F":"18","C":"","M112":false},{"iso":"MR","A":"","P":"117","F":"118","C":"","M112":false},{"iso":"MU","A":"114","P":"","F":"115","C":"999","M112":true},{"iso":"YT","A":"","P":"","F":"","C":"","M112":false},{"iso":"MX","A":"065","P":"060","F":"068","C":"","M112":false},{"iso":"FM","A":"","P":"","F":"","C":"","M112":false},{"iso":"MD","A":"903","P":"902","F":"901","C":"","M112":false},{"iso":"MC","A":"15","P":"17","F":"18","C":"","M112":true},{"iso":"MN","A":"103","P":"102","F":"101","C":"","M112":false},{"iso":"ME","A":"124","P":"122","F":"123","C":"","M112":true},{"iso":"MS","A":"911","P":"999","F":"","C":"","M112":false},{"iso":"MA","A":"15","P":"19","F":"15","C":"","M112":false},{"iso":"MZ","A":"117","P":"119","F":"198","C":"","M112":false},{"iso":"MM","A":"","P":"","F":"","C":"999","M112":false},{"iso":"NA","A":"2032276","P":"1011","F":"2032270","C":"","M112":false},{"iso":"NR","A":"","P":"","F":"","C":"","M112":false},{"iso":"NP","A":"102","P":"110","F":"101","C":"","M112":false},{"iso":"NL","A":"","P":"","F":"","C":"","M112":true},{"iso":"NC","A":"","P":"","F":"","C":"","M112":false},{"iso":"NZ","A":"","P":"","F":"","C":"111","M112":true},{"iso":"NI","A":"128","P":"118","F":"115","C":"","M112":false},{"iso":"NE","A":"","P":"","F":"","C":"","M112":false},{"iso":"NG","A":"199","P":"","F":"","C":"","M112":false},{"iso":"NU","A":"","P":"","F":"","C":"","M112":false},{"iso":"NF","A":"","P":"","F":"","C":"","M112":false},{"iso":"MP","A":"","P":"","F":"","C":"","M112":false},{"iso":"NO","A":"113","P":"112","F":"110","C":"","M112":false},{"iso":"OM","A":"","P":"","F":"","C":"999","M112":false},{"iso":"PK","A":"","P":"","F":"","C":"15","M112":false},{"iso":"PW","A":"","P":"","F":"","C":"911","M112":false},{"iso":"PS","A":"101","P":"100","F":"101","C":"","M112":false},{"iso":"PA","A":"","P":"104","F":"103","C":"911","M112":true},{"iso":"PG","A":"","P":"000","F":"110","C":"","M112":false},{"iso":"PY","A":"","P":"","F":"","C":"00","M112":false},{"iso":"PE","A":"","P":"","F":"","C":"011","M112":false},{"iso":"PH","A":"","P":"","F":"","C":"116","M112":false},{"iso":"PN","A":"","P":"","F":"","C":"","M112":false},{"iso":"PL","A":"999","P":"997","F":"998","C":"","M112":true},{"iso":"PT","A":"","P":"","F":"","C":"","M112":true},{"iso":"PR","A":"","P":"","F":"","C":"911","M112":false},{"iso":"QA","A":"","P":"","F":"","C":"999","M112":false},{"iso":"RE","A":"112","P":"17","F":"18","C":"","M112":false},{"iso":"RO","A":"","P":"","F":"","C":"","M112":true},{"iso":"RU","A":"103","P":"102","F":"101","C":"","M112":true},{"iso":"RW","A":"912","P":"112","F":"112","C":"","M112":false},{"iso":"BL","A":"","P":"","F":"","C":"","M112":false},{"iso":"SH","A":"","P":"","F":"","C":"911","M112":false},{"iso":"KN","A":"","P":"","F":"","C":"911","M112":false},{"iso":"LC","A":"","P":"","F":"","C":"999","M112":false},{"iso":"MF","A":"","P":"","F":"","C":"","M112":false},{"iso":"PM","A":"","P":"","F":"","C":"","M112":false},{"iso":"VC","A":"","P":"","F":"","C":"999","M112":false},{"iso":"WS","A":"","P":"","F":"","C":"999","M112":false},{"iso":"SM","A":"118","P":"112","F":"115","C":"","M112":false},{"iso":"ST","A":"","P":"","F":"","C":"","M112":false},{"iso":"SA","A":"997","P":"999","F":"998","C":"","M112":true},{"iso":"SN","A":"15","P":"17","F":"18","C":"","M112":true},{"iso":"RS","A":"194","P":"192","F":"193","C":"","M112":true},{"iso":"SC","A":"","P":"","F":"","C":"999","M112":false},{"iso":"SL","A":"999","P":"999","F":"019","C":"","M112":false},{"iso":"SG","A":"995","P":"999","F":"995","C":"","M112":false},{"iso":"SX","A":"","P":"","F":"","C":"","M112":false},{"iso":"SK","A":"155","P":"158","F":"150","C":"","M112":true},{"iso":"SI","A":"","P":"113","F":"","C":"","M112":true},{"iso":"SB","A":"","P":"","F":"","C":"911","M112":false},{"iso":"SO","A":"","P":"","F":"","C":"","M112":false},{"iso":"ZA","A":"10177","P":"10111","F":"10177","C":"","M112":false},{"iso":"GS","A":"","P":"","F":"","C":"","M112":false},{"iso":"SS","A":"","P":"","F":"","C":"","M112":false},{"iso":"ES","A":"061","P":"091","F":"080","C":"","M112":true},{"iso":"LK","A":"110","P":"112","F":"110","C":"","M112":false},{"iso":"SD","A":"","P":"","F":"","C":"","M112":false},{"iso":"SR","A":"","P":"","F":"","C":"","M112":false},{"iso":"SJ","A":"","P":"","F":"","C":"","M112":false},{"iso":"SZ","A":"","P":"","F":"","C":"","M112":false},{"iso":"SE","A":"","P":"","F":"","C":"","M112":true},{"iso":"CH","A":"144","P":"117","F":"118","C":"","M112":true},{"iso":"SY","A":"110","P":"112","F":"113","C":"","M112":false},{"iso":"TW","A":"119","P":"110","F":"119","C":"","M112":false},{"iso":"TJ","A":"03","P":"","F":"","C":"","M112":false},{"iso":"TZ","A":"","P":"","F":"","C":"112","M112":false},{"iso":"TH","A":"191","P":"191","F":"199","C":"","M112":false},{"iso":"TL","A":"","P":"","F":"","C":"","M112":true},{"iso":"TG","A":"","P":"101","F":"","C":"","M112":false},{"iso":"TK","A":"","P":"","F":"","C":"","M112":false},{"iso":"TO","A":"","P":"","F":"","C":"911","M112":false},{"iso":"TT","A":"990","P":"999","F":"990","C":"","M112":false},{"iso":"TN","A":"190","P":"197","F":"198","C":"","M112":false},{"iso":"TR","A":"112","P":"155","F":"110","C":"","M112":false},{"iso":"TM","A":"03","P":"02","F":"01","C":"","M112":false},{"iso":"TC","A":"","P":"","F":"","C":"999","M112":false},{"iso":"TV","A":"","P":"","F":"","C":"911","M112":false},{"iso":"UG","A":"","P":"","F":"","C":"","M112":false},{"iso":"UA","A":"103","P":"102","F":"101","C":"","M112":true},{"iso":"AE","A":"998","P":"999","F":"997","C":"","M112":true},{"iso":"GB","A":"","P":"","F":"","C":"999","M112":true},{"iso":"UM","A":"","P":"","F":"","C":"","M112":false},{"iso":"US","A":"","P":"","F":"","C":"911","M112":false},{"iso":"UY","A":"","P":"","F":"","C":"999","M112":false},{"iso":"UZ","A":"","P":"","F":"","C":"03","M112":false},{"iso":"VU","A":"","P":"","F":"","C":"","M112":true},{"iso":"VE","A":"","P":"","F":"","C":"171","M112":false},{"iso":"VN","A":"05","P":"03","F":"08","C":"","M112":false},{"iso":"VG","A":"","P":"","F":"","C":"999","M112":false},{"iso":"VI","A":"","P":"","F":"","C":"911","M112":false},{"iso":"WF","A":"","P":"","F":"","C":"","M112":false},{"iso":"EH","A":"150","P":"","F":"","C":"","M112":false},{"iso":"YE","A":"191","P":"194","F":"191","C":"","M112":false},{"iso":"ZM","A":"","P":"","F":"","C":"999","M112":false},{"iso":"ZW","A":"","P":"","F":"","C":"999","M112":false}]}